{"cameraMode":{"drawMode":1,"name":"Wireframe","section":"Shading Mode"},"sceneLighting":true,"audioPlay":false,"sceneViewState":{"showFog":true,"showMaterialUpdate":false,"showSkybox":true,"showFlares":true,"showImageEffects":true,"showParticleSystems":true},"in2DMode":false,"pivot":{"x":8.129329681396485,"y":0.44642508029937746,"z":24.450077056884767},"rotation":{"x":-0.16347795724868775,"y":0.6725308299064636,"z":-0.15610963106155396,"w":-0.7047901749610901},"size":3.2009952068328859,"orthographic":false}