{"cameraMode":{"drawMode":1,"name":"Wireframe","section":"Shading Mode"},"sceneLighting":true,"audioPlay":false,"sceneViewState":{"showFog":true,"showMaterialUpdate":false,"showSkybox":true,"showFlares":true,"showImageEffects":true,"showParticleSystems":true},"in2DMode":false,"pivot":{"x":1.31427001953125,"y":-2.200263023376465,"z":24.967418670654298},"rotation":{"x":-0.13399875164031983,"y":0.5985006093978882,"z":-0.10248744487762451,"w":-0.783237099647522},"size":8.661585807800293,"orthographic":false}