{"cameraMode":{"drawMode":1,"name":"Wireframe","section":"Shading Mode"},"sceneLighting":true,"audioPlay":false,"sceneViewState":{"showFog":true,"showMaterialUpdate":false,"showSkybox":true,"showFlares":true,"showImageEffects":true,"showParticleSystems":true},"in2DMode":false,"pivot":{"x":1.31427001953125,"y":-2.200263023376465,"z":24.967418670654298},"rotation":{"x":-0.16347795724868775,"y":0.6725308299064636,"z":-0.15610963106155396,"w":-0.7047901749610901},"size":14.451905250549317,"orthographic":false}